[
{
  "model": "login.doctor",
  "pk": 1,
  "fields": {
    "user": 2,
    "national_number": "70100212312",
    "INAMI": "123456789012",
    "name": "Doe",
    "surname": "John",
    "date_of_birth": "1970-10-02",
    "street": "Rue du Nord",
    "number": 556,
    "city": "Courcelles",
    "zip_code": 6180,
    "phone_number": "+32485551699",
    "other_phone_number": "+32485559952",
    "is_retired": false
  }
},
{
  "model": "login.doctor",
  "pk": 2,
  "fields": {
    "user": 3,
    "national_number": "80100212312",
    "INAMI": "987654321098",
    "name": "Smith",
    "surname": "Jane",
    "date_of_birth": "1980-10-02",
    "street": "Rue du Repos",
    "number": 89,
    "city": "Charleroi",
    "zip_code": 6060,
    "phone_number": "+3245655084",
    "other_phone_number": "",
    "is_retired": true
  }
},
{
  "model": "login.doctor",
  "pk": 3,
  "fields": {
    "user": 4,
    "national_number": "80110212312",
    "INAMI": "567890123456",
    "name": "Johnson",
    "surname": "Alice",
    "date_of_birth": "1980-11-02",
    "street": "Pine Road",
    "number": 789,
    "city": "Lakeview",
    "zip_code": 67890,
    "phone_number": "+3245655740",
    "other_phone_number": "",
    "is_retired": false
  }
},
{
"model": "login.doctor",
"pk": 4,
"fields": {
    "user": 5,
    "national_number": "79030145678",
    "INAMI": "123456789001",
    "name": "Brown",
    "surname": "Matthew",
    "date_of_birth": "1979-03-01",
    "street": "Maple Street",
    "number": 101,
    "city": "Greenville",
    "zip_code": 12345,
    "phone_number": "+3245550001",
    "other_phone_number": "",
    "is_retired": false
    }
},
{
"model": "login.doctor",
"pk": 5,
"fields": {
    "user": 6,
    "national_number": "85042278912",
    "INAMI": "123456789002",
    "name": "Wilson",
    "surname": "Sarah",
    "date_of_birth": "1985-04-22",
    "street": "Elm Street",
    "number": 202,
    "city": "Hilltown",
    "zip_code": 54321,
    "phone_number": "+3245550002",
    "other_phone_number": "",
    "is_retired": false
    }
},
{
"model": "login.doctor",
"pk": 6,
"fields": {
    "user": 7,
    "national_number": "76031545698",
    "INAMI": "123456789003",
    "name": "Clark",
    "surname": "James",
    "date_of_birth": "1976-03-15",
    "street": "Oak Avenue",
    "number": 303,
    "city": "Brookfield",
    "zip_code": 65432,
    "phone_number": "+3245550003",
    "other_phone_number": "",
    "is_retired": false
    }
},
{
"model": "login.doctor",
"pk": 7,
"fields": {
    "user": 8,
    "national_number": "82070122334",
    "INAMI": "123456789004",
    "name": "Martin",
    "surname": "Lisa",
    "date_of_birth": "1982-07-01",
    "street": "Cedar Lane",
    "number": 404,
    "city": "Springfield",
    "zip_code": 11223,
    "phone_number": "+3245550004",
    "other_phone_number": "",
    "is_retired": false
    }
},
{
"model": "login.doctor",
"pk": 8,
"fields": {
    "user": 9,
    "national_number": "78081955667",
    "INAMI": "123456789005",
    "name": "Lee",
    "surname": "David",
    "date_of_birth": "1978-08-19",
    "street": "Birch Way",
    "number": 505,
    "city": "Sunnydale",
    "zip_code": 33445,
    "phone_number": "+3245550005",
    "other_phone_number": "",
    "is_retired": false
    }
},
{
"model": "login.doctor",
"pk": 9,
"fields": {
    "user": 10,
    "national_number": "90050288900",
    "INAMI": "123456789006",
    "name": "Thompson",
    "surname": "Emma",
    "date_of_birth": "1990-05-02",
    "street": "Willow Blvd",
    "number": 606,
    "city": "Newport",
    "zip_code": 55667,
    "phone_number": "+3245550006",
    "other_phone_number": "",
    "is_retired": false
    }
},
{
"model": "login.doctor",
"pk": 10,
"fields": {
    "user": 11,
    "national_number": "73020333312",
    "INAMI": "123456789007",
    "name": "Anderson",
    "surname": "Michael",
    "date_of_birth": "1973-02-03",
    "street": "Ash Drive",
    "number": 707,
    "city": "Fairview",
    "zip_code": 77889,
    "phone_number": "+3245550007",
    "other_phone_number": "",
    "is_retired": false
    }
},
{
"model": "login.doctor",
"pk": 11,
"fields": {
    "user": 12,
    "national_number": "84080911111",
    "INAMI": "123456789008",
    "name": "Davis",
    "surname": "Rebecca",
    "date_of_birth": "1984-08-09",
    "street": "Poplar Court",
    "number": 808,
    "city": "Riverdale",
    "zip_code": 88990,
    "phone_number": "+3245550008",
    "other_phone_number": "",
    "is_retired": false
    }
},
{
"model": "login.doctor",
"pk": 12,
"fields": {
    "user": 13,
    "national_number": "81011276543",
    "INAMI": "123456789009",
    "name": "Moore",
    "surname": "Joshua",
    "date_of_birth": "1981-01-12",
    "street": "Fir Circle",
    "number": 909,
    "city": "Greenfield",
    "zip_code": 99887,
    "phone_number": "+3245550009",
    "other_phone_number": "",
    "is_retired": false
    }
},
{
"model": "login.doctor",
"pk": 13,
"fields": {
    "user": 14,
    "national_number": "86092345678",
    "INAMI": "123456789010",
    "name": "Walker",
    "surname": "Anna",
    "date_of_birth": "1986-09-23",
    "street": "Hemlock Street",
    "number": 1001,
    "city": "Stonebridge",
    "zip_code": 11234,
    "phone_number": "+3245550010",
    "other_phone_number": "",
    "is_retired": false
    }
},
{
  "model": "core.patient",
  "pk": 1,
  "fields": {
    "national_number": "97112512312",
    "name": "Gatta",
    "surname": "Nicolas",
    "date_of_birth": "1997-11-25",
    "blood_group": "A+",
    "allergies": "",
    "sex": "male",
    "street": "Rue du Nord",
    "number": 700,
    "city": "Courcelles",
    "zip_code": 6180,
    "phone_number": "+32485551699",
    "other_phone_number": ""
  }
},
{
  "model": "core.patient",
  "pk": 2,
  "fields": {
    "national_number": "98092812312",
    "name": "Desonniaux",
    "surname": "Pierre",
    "date_of_birth": "1998-09-28",
    "blood_group": "A+",
    "allergies": "",
    "sex": "male",
    "street": "Rue du Nord",
    "number": 590,
    "city": "Courcelles",
    "zip_code": 6180,
    "phone_number": "+32485551699",
    "other_phone_number": ""
  }
},
{
  "model": "core.patient",
  "pk": 3,
  "fields": {
    "national_number": "99121612312",
    "name": "Vancauwenberghe",
    "surname": "Emilien",
    "date_of_birth": "1999-12-16",
    "blood_group": "A+",
    "allergies": "",
    "sex": "male",
    "street": "Rue du Nord",
    "number": 580,
    "city": "Courcelles",
    "zip_code": 6180,
    "phone_number": "+32485551699",
    "other_phone_number": ""
  }
},
{
  "model": "core.patient",
  "pk": 5,
  "fields": {
    "national_number": "123456789",
    "name": "Coukard",
    "surname": "Fabienne",
    "date_of_birth": "1965-02-08",
    "blood_group": "A+",
    "allergies": "soy,wheat,sesame",
    "sex": "female",
    "street": "Rue des bouleaux",
    "number": 27,
    "city": "Courcelles",
    "zip_code": 6180,
    "phone_number": "0485296374",
    "other_phone_number": ""
  }
},
{
  "model": "core.patient",
  "pk": 6,
  "fields": {
    "national_number": "12345678910",
    "name": "Gatta",
    "surname": "Giuseppe",
    "date_of_birth": "1965-03-19",
    "blood_group": "A+",
    "allergies": "gluten,sesame",
    "sex": "male",
    "street": "Rue des bouleaux",
    "number": 27,
    "city": "Courcelles",
    "zip_code": 6180,
    "phone_number": "047512369",
    "other_phone_number": ""
  }
},
{
"model": "core.patient",
"pk": 7,
"fields": {
    "national_number": "12345678911",
    "name": "Durand",
    "surname": "Sophie",
    "date_of_birth": "1985-07-12",
    "blood_group": "O+",
    "allergies": "pollen",
    "sex": "female",
    "street": "Rue Centrale",
    "number": 15,
    "city": "Charleroi",
    "zip_code": 6000,
    "phone_number": "0475111122",
    "other_phone_number": ""
    }
},
{
"model": "core.patient",
"pk": 8,
"fields": {
    "national_number": "12345678912",
    "name": "Lemoine",
    "surname": "Antoine",
    "date_of_birth": "1970-11-04",
    "blood_group": "B-",
    "allergies": "",
    "sex": "male",
    "street": "Avenue Louise",
    "number": 23,
    "city": "Bruxelles",
    "zip_code": 1050,
    "phone_number": "0475333344",
    "other_phone_number": ""
    }
},
{
"model": "core.patient",
"pk": 9,
"fields": {
    "national_number": "12345678913",
    "name": "Nguyen",
    "surname": "Thi",
    "date_of_birth": "1992-06-20",
    "blood_group": "AB+",
    "allergies": "lactose",
    "sex": "female",
    "street": "Rue des Lilas",
    "number": 7,
    "city": "Namur",
    "zip_code": 5000,
    "phone_number": "0475667788",
    "other_phone_number": ""
    }
},
{
"model": "core.patient",
"pk": 10,
"fields": {
    "national_number": "12345678914",
    "name": "Smith",
    "surname": "John",
    "date_of_birth": "1980-05-01",
    "blood_group": "A-",
    "allergies": "",
    "sex": "male",
    "street": "Rue de l'Église",
    "number": 33,
    "city": "Liège",
    "zip_code": 4000,
    "phone_number": "0475889900",
    "other_phone_number": ""
    }
},
{
"model": "core.patient",
"pk": 11,
"fields": {
    "national_number": "12345678915",
    "name": "Martin",
    "surname": "Claire",
    "date_of_birth": "1975-09-23",
    "blood_group": "O-",
    "allergies": "penicillin",
    "sex": "female",
    "street": "Rue du Parc",
    "number": 48,
    "city": "Mons",
    "zip_code": 7000,
    "phone_number": "0475223344",
    "other_phone_number": ""
    }
},
{
"model": "core.patient",
"pk": 12,
"fields": {
    "national_number": "12345678916",
    "name": "Moreau",
    "surname": "Julien",
    "date_of_birth": "1988-12-30",
    "blood_group": "B+",
    "allergies": "",
    "sex": "male",
    "street": "Rue Neuve",
    "number": 52,
    "city": "Namur",
    "zip_code": 5000,
    "phone_number": "0475112233",
    "other_phone_number": ""
    }
},
{
"model": "core.patient",
"pk": 13,
"fields": {
    "national_number": "12345678917",
    "name": "De Smet",
    "surname": "Anne",
    "date_of_birth": "1991-03-14",
    "blood_group": "AB-",
    "allergies": "aspirin",
    "sex": "female",
    "street": "Rue Verte",
    "number": 5,
    "city": "Tournai",
    "zip_code": 7500,
    "phone_number": "0475445566",
    "other_phone_number": ""
    }
},
{
"model": "core.patient",
"pk": 14,
"fields": {
    "national_number": "12345678918",
    "name": "Jacobs",
    "surname": "Nicolas",
    "date_of_birth": "1993-10-10",
    "blood_group": "A+",
    "allergies": "",
    "sex": "male",
    "street": "Rue du Moulin",
    "number": 8,
    "city": "Arlon",
    "zip_code": 6700,
    "phone_number": "0475778899",
    "other_phone_number": ""
    }
},
{
"model": "core.patient",
"pk": 15,
"fields": {
    "national_number": "12345678919",
    "name": "Leroy",
    "surname": "Camille",
    "date_of_birth": "1983-08-08",
    "blood_group": "O+",
    "allergies": "",
    "sex": "female",
    "street": "Rue Haute",
    "number": 64,
    "city": "Charleroi",
    "zip_code": 6000,
    "phone_number": "0475990001",
    "other_phone_number": ""
    }
},
{
"model": "core.patient",
"pk": 16,
"fields": {
    "national_number": "12345678920",
    "name": "Bertrand",
    "surname": "Louis",
    "date_of_birth": "1960-01-17",
    "blood_group": "B+",
    "allergies": "nuts",
    "sex": "male",
    "street": "Rue des Champs",
    "number": 19,
    "city": "Liège",
    "zip_code": 4000,
    "phone_number": "0475901234",
    "other_phone_number": ""
    }
},
{
"model": "core.patient",
"pk": 17,
"fields": {
    "national_number": "12345678921",
    "name": "Renard",
    "surname": "Lucie",
    "date_of_birth": "1990-02-22",
    "blood_group": "A-",
    "allergies": "",
    "sex": "female",
    "street": "Rue du Lion",
    "number": 2,
    "city": "Ottignies",
    "zip_code": 1340,
    "phone_number": "0475678901",
    "other_phone_number": ""
    }
},
{
"model": "core.patient",
"pk": 18,
"fields": {
    "national_number": "12345678922",
    "name": "Dubois",
    "surname": "Marcel",
    "date_of_birth": "1955-04-15",
    "blood_group": "AB+",
    "allergies": "latex",
    "sex": "male",
    "street": "Rue Royale",
    "number": 100,
    "city": "Bruxelles",
    "zip_code": 1000,
    "phone_number": "0475234567",
    "other_phone_number": ""
    }
},
{
"model": "core.patient",
"pk": 19,
"fields": {
    "national_number": "12345678923",
    "name": "Petit",
    "surname": "Emma",
    "date_of_birth": "2000-09-09",
    "blood_group": "O-",
    "allergies": "shellfish",
    "sex": "female",
    "street": "Rue de la Gare",
    "number": 77,
    "city": "Dinant",
    "zip_code": 5500,
    "phone_number": "0475987654",
    "other_phone_number": ""
    }
},
{
"model": "core.patient",
"pk": 20,
"fields": {
    "national_number": "12345678924",
    "name": "Thomas",
    "surname": "Alain",
    "date_of_birth": "1982-06-06",
    "blood_group": "B-",
    "allergies": "",
    "sex": "male",
    "street": "Rue des Écoles",
    "number": 29,
    "city": "La Louvière",
    "zip_code": 7100,
    "phone_number": "0475123123",
    "other_phone_number": ""
    }
},
{
"model": "core.patient",
"pk": 21,
"fields": {
    "national_number": "12345678925",
    "name": "Vermeulen",
    "surname": "Sarah",
    "date_of_birth": "1998-11-11",
    "blood_group": "A+",
    "allergies": "dust",
    "sex": "female",
    "street": "Rue de l'Industrie",
    "number": 31,
    "city": "Anderlecht",
    "zip_code": 1070,
    "phone_number": "0475789654",
    "other_phone_number": ""
    }
},
{
"model": "core.patient",
"pk": 22,
"fields": {
    "national_number": "12345678926",
    "name": "Benoit",
    "surname": "Maxime",
    "date_of_birth": "1977-12-01",
    "blood_group": "O+",
    "allergies": "paracetamol",
    "sex": "male",
    "street": "Rue du Commerce",
    "number": 21,
    "city": "Namur",
    "zip_code": 5000,
    "phone_number": "0475443322",
    "other_phone_number": ""
    }
},
{
"model": "core.patient",
"pk": 23,
"fields": {
    "national_number": "12345678927",
    "name": "Carlier",
    "surname": "Julie",
    "date_of_birth": "1996-02-14",
    "blood_group": "B+",
    "allergies": "",
    "sex": "female",
    "street": "Rue du Midi",
    "number": 18,
    "city": "Charleroi",
    "zip_code": 6000,
    "phone_number": "0475009988",
    "other_phone_number": ""
    }
},
{
"model": "core.patient",
"pk": 24,
"fields": {
    "national_number": "12345678928",
    "name": "Fabre",
    "surname": "Isabelle",
    "date_of_birth": "1989-04-04",
    "blood_group": "AB-",
    "allergies": "",
    "sex": "female",
    "street": "Rue du Château",
    "number": 90,
    "city": "Binche",
    "zip_code": 7130,
    "phone_number": "0475998877",
    "other_phone_number": ""
    }
},
{
"model": "core.patient",
"pk": 25,
"fields": {
    "national_number": "12345678929",
    "name": "Delvaux",
    "surname": "Michel",
    "date_of_birth": "1950-07-07",
    "blood_group": "A-",
    "allergies": "pollen",
    "sex": "male",
    "street": "Rue du Faubourg",
    "number": 42,
    "city": "Mons",
    "zip_code": 7000,
    "phone_number": "0475111455",
    "other_phone_number": ""
    }
},
{
  "model": "core.visit",
  "pk": 20,
  "fields": {
    "date": "2025-06-25T08:00:00Z",
    "note": "",
    "is_patient_present": true,
    "status": "started",
    "patient": 2,
    "doctor": 1
  }
},
{
  "model": "core.visit",
  "pk": 21,
  "fields": {
    "date": "2025-06-19T08:50:00Z",
    "note": "",
    "is_patient_present": true,
    "status": "finished",
    "patient": 1,
    "doctor": 3
  }
},
{
  "model": "core.visit",
  "pk": 22,
  "fields": {
    "date": "2025-06-10T08:50:00Z",
    "note": "",
    "is_patient_present": false,
    "status": "canceled",
    "patient": 3,
    "doctor": 2
  }
},
{
  "model": "core.visit",
  "pk": 23,
  "fields": {
    "date": "2025-08-05T05:00:00Z",
    "note": "",
    "is_patient_present": true,
    "status": "started",
    "patient": 2,
    "doctor": 3
  }
},
{
  "model": "core.bodypart",
  "pk": 1,
  "fields": {
    "name": "Head"
  }
},
{
  "model": "core.bodypart",
  "pk": 2,
  "fields": {
    "name": "Neck"
  }
},
{
  "model": "core.bodypart",
  "pk": 3,
  "fields": {
    "name": "Chest"
  }
},
{
  "model": "core.bodypart",
  "pk": 7,
  "fields": {
    "name": "Forearm"
  }
},
{
  "model": "core.bodypart",
  "pk": 8,
  "fields": {
    "name": "Hand"
  }
},
{
  "model": "core.bodypart",
  "pk": 9,
  "fields": {
    "name": "Leg"
  }
},
{
  "model": "core.bodypart",
  "pk": 12,
  "fields": {
    "name": "Foot"
  }
},
{
  "model": "core.bodypart",
  "pk": 13,
  "fields": {
    "name": "Calf"
  }
},
{
  "model": "core.bodypart",
  "pk": 14,
  "fields": {
    "name": "Bicep"
  }
},
{
  "model": "core.visitbodypart",
  "pk": 5,
  "fields": {
    "image_path": "visits/visit_21/Forearm/image_5/image_5_2.enc",
    "image_name": "image_5_2.enc",
    "image_height": 1080,
    "image_width": 1920,
    "image_preview_path": "visits/visit_21/Forearm/preview_image_5_2.png",
    "image_preview_name": "preview_image_5_2.png",
    "image_preview_height": 160,
    "image_preview_width": 160,
    "image_super_path": "",
    "image_super_name": "",
    "image_super_height": 0,
    "image_super_width": 0,
    "multi_image_path": "visits\\visit_21\\Forearm\\image_5",
    "distance_from_subject": null,
    "focal": 3.543,
    "pixel_size": 0.0014,
    "annotations": [
      {
        "startX": 869,
        "startY": 593.5,
        "endX": 909,
        "endY": 606.5
      }
    ],
    "body_part": 7,
    "visit": 21
  }
},
{
  "model": "auth.permission",
  "pk": 1,
  "fields": {
    "name": "Can add doctor",
    "content_type": 1,
    "codename": "add_doctor"
  }
},
{
  "model": "auth.permission",
  "pk": 2,
  "fields": {
    "name": "Can change doctor",
    "content_type": 1,
    "codename": "change_doctor"
  }
},
{
  "model": "auth.permission",
  "pk": 3,
  "fields": {
    "name": "Can delete doctor",
    "content_type": 1,
    "codename": "delete_doctor"
  }
},
{
  "model": "auth.permission",
  "pk": 4,
  "fields": {
    "name": "Can view doctor",
    "content_type": 1,
    "codename": "view_doctor"
  }
},
{
  "model": "auth.permission",
  "pk": 5,
  "fields": {
    "name": "Can add patient",
    "content_type": 2,
    "codename": "add_patient"
  }
},
{
  "model": "auth.permission",
  "pk": 6,
  "fields": {
    "name": "Can change patient",
    "content_type": 2,
    "codename": "change_patient"
  }
},
{
  "model": "auth.permission",
  "pk": 7,
  "fields": {
    "name": "Can delete patient",
    "content_type": 2,
    "codename": "delete_patient"
  }
},
{
  "model": "auth.permission",
  "pk": 8,
  "fields": {
    "name": "Can view patient",
    "content_type": 2,
    "codename": "view_patient"
  }
},
{
  "model": "auth.permission",
  "pk": 9,
  "fields": {
    "name": "Can add visit",
    "content_type": 3,
    "codename": "add_visit"
  }
},
{
  "model": "auth.permission",
  "pk": 10,
  "fields": {
    "name": "Can change visit",
    "content_type": 3,
    "codename": "change_visit"
  }
},
{
  "model": "auth.permission",
  "pk": 11,
  "fields": {
    "name": "Can delete visit",
    "content_type": 3,
    "codename": "delete_visit"
  }
},
{
  "model": "auth.permission",
  "pk": 12,
  "fields": {
    "name": "Can view visit",
    "content_type": 3,
    "codename": "view_visit"
  }
},
{
  "model": "auth.permission",
  "pk": 13,
  "fields": {
    "name": "Can add body part",
    "content_type": 4,
    "codename": "add_bodypart"
  }
},
{
  "model": "auth.permission",
  "pk": 14,
  "fields": {
    "name": "Can change body part",
    "content_type": 4,
    "codename": "change_bodypart"
  }
},
{
  "model": "auth.permission",
  "pk": 15,
  "fields": {
    "name": "Can delete body part",
    "content_type": 4,
    "codename": "delete_bodypart"
  }
},
{
  "model": "auth.permission",
  "pk": 16,
  "fields": {
    "name": "Can view body part",
    "content_type": 4,
    "codename": "view_bodypart"
  }
},
{
  "model": "auth.permission",
  "pk": 17,
  "fields": {
    "name": "Can add visit body part",
    "content_type": 5,
    "codename": "add_visitbodypart"
  }
},
{
  "model": "auth.permission",
  "pk": 18,
  "fields": {
    "name": "Can change visit body part",
    "content_type": 5,
    "codename": "change_visitbodypart"
  }
},
{
  "model": "auth.permission",
  "pk": 19,
  "fields": {
    "name": "Can delete visit body part",
    "content_type": 5,
    "codename": "delete_visitbodypart"
  }
},
{
  "model": "auth.permission",
  "pk": 20,
  "fields": {
    "name": "Can view visit body part",
    "content_type": 5,
    "codename": "view_visitbodypart"
  }
},
{
  "model": "auth.permission",
  "pk": 21,
  "fields": {
    "name": "Can add log entry",
    "content_type": 6,
    "codename": "add_logentry"
  }
},
{
  "model": "auth.permission",
  "pk": 22,
  "fields": {
    "name": "Can change log entry",
    "content_type": 6,
    "codename": "change_logentry"
  }
},
{
  "model": "auth.permission",
  "pk": 23,
  "fields": {
    "name": "Can delete log entry",
    "content_type": 6,
    "codename": "delete_logentry"
  }
},
{
  "model": "auth.permission",
  "pk": 24,
  "fields": {
    "name": "Can view log entry",
    "content_type": 6,
    "codename": "view_logentry"
  }
},
{
  "model": "auth.permission",
  "pk": 25,
  "fields": {
    "name": "Can add permission",
    "content_type": 7,
    "codename": "add_permission"
  }
},
{
  "model": "auth.permission",
  "pk": 26,
  "fields": {
    "name": "Can change permission",
    "content_type": 7,
    "codename": "change_permission"
  }
},
{
  "model": "auth.permission",
  "pk": 27,
  "fields": {
    "name": "Can delete permission",
    "content_type": 7,
    "codename": "delete_permission"
  }
},
{
  "model": "auth.permission",
  "pk": 28,
  "fields": {
    "name": "Can view permission",
    "content_type": 7,
    "codename": "view_permission"
  }
},
{
  "model": "auth.permission",
  "pk": 29,
  "fields": {
    "name": "Can add group",
    "content_type": 8,
    "codename": "add_group"
  }
},
{
  "model": "auth.permission",
  "pk": 30,
  "fields": {
    "name": "Can change group",
    "content_type": 8,
    "codename": "change_group"
  }
},
{
  "model": "auth.permission",
  "pk": 31,
  "fields": {
    "name": "Can delete group",
    "content_type": 8,
    "codename": "delete_group"
  }
},
{
  "model": "auth.permission",
  "pk": 32,
  "fields": {
    "name": "Can view group",
    "content_type": 8,
    "codename": "view_group"
  }
},
{
  "model": "auth.permission",
  "pk": 33,
  "fields": {
    "name": "Can add user",
    "content_type": 9,
    "codename": "add_user"
  }
},
{
  "model": "auth.permission",
  "pk": 34,
  "fields": {
    "name": "Can change user",
    "content_type": 9,
    "codename": "change_user"
  }
},
{
  "model": "auth.permission",
  "pk": 35,
  "fields": {
    "name": "Can delete user",
    "content_type": 9,
    "codename": "delete_user"
  }
},
{
  "model": "auth.permission",
  "pk": 36,
  "fields": {
    "name": "Can view user",
    "content_type": 9,
    "codename": "view_user"
  }
},
{
  "model": "auth.permission",
  "pk": 37,
  "fields": {
    "name": "Can add content type",
    "content_type": 10,
    "codename": "add_contenttype"
  }
},
{
  "model": "auth.permission",
  "pk": 38,
  "fields": {
    "name": "Can change content type",
    "content_type": 10,
    "codename": "change_contenttype"
  }
},
{
  "model": "auth.permission",
  "pk": 39,
  "fields": {
    "name": "Can delete content type",
    "content_type": 10,
    "codename": "delete_contenttype"
  }
},
{
  "model": "auth.permission",
  "pk": 40,
  "fields": {
    "name": "Can view content type",
    "content_type": 10,
    "codename": "view_contenttype"
  }
},
{
  "model": "auth.permission",
  "pk": 41,
  "fields": {
    "name": "Can add session",
    "content_type": 11,
    "codename": "add_session"
  }
},
{
  "model": "auth.permission",
  "pk": 42,
  "fields": {
    "name": "Can change session",
    "content_type": 11,
    "codename": "change_session"
  }
},
{
  "model": "auth.permission",
  "pk": 43,
  "fields": {
    "name": "Can delete session",
    "content_type": 11,
    "codename": "delete_session"
  }
},
{
  "model": "auth.permission",
  "pk": 44,
  "fields": {
    "name": "Can view session",
    "content_type": 11,
    "codename": "view_session"
  }
},
{
  "model": "auth.group",
  "pk": 1,
  "fields": {
    "name": "Doctor",
    "permissions": [
      5,
      6,
      8,
      9,
      10,
      12
    ]
  }
},
{
  "model": "auth.group",
  "pk": 2,
  "fields": {
    "name": "Nurse",
    "permissions": [
      16,
      5,
      6,
      8,
      9,
      10,
      11,
      12,
      4
    ]
  }
},
{
  "model": "auth.user",
  "pk": 1,
  "fields": {
    "password": "pbkdf2_sha256$870000$Hd5G5eh4uaqHC6R2TZO5Px$Q+uQAoOp0z7MGuyI/KgrwnX1GRNeaxdOYb2Bdq5g1ns=",
    "last_login": "2025-06-07T13:47:34.776Z",
    "is_superuser": true,
    "username": "admin",
    "first_name": "Nicolas",
    "last_name": "Gatta",
    "email": "admin@derma.com",
    "is_staff": true,
    "is_active": true,
    "date_joined": "2025-01-18T16:34:13.056Z",
    "groups": [],
    "user_permissions": []
  }
},
{
  "model": "auth.user",
  "pk": 2,
  "fields": {
    "password": "pbkdf2_sha256$870000$uvB1IrrjsNJ7SGLbMTskBT$Tl0ovF0zujM1z/QstjrUVkdJ5RBAUS6whBGySTkbVwI=",
    "last_login": "2025-05-20T18:45:24.876Z",
    "is_superuser": false,
    "username": "johdoe",
    "first_name": "John",
    "last_name": "Doe",
    "email": "johndoe@derma.com",
    "is_staff": false,
    "is_active": true,
    "date_joined": "2025-01-18T16:34:13.057Z",
    "groups": [
      1
    ],
    "user_permissions": []
  }
},
{
  "model": "auth.user",
  "pk": 3,
  "fields": {
    "password": "pbkdf2_sha256$870000$uvB1IrrjsNJ7SGLbMTskBT$Tl0ovF0zujM1z/QstjrUVkdJ5RBAUS6whBGySTkbVwI=",
    "last_login": null,
    "is_superuser": false,
    "username": "jansmi",
    "first_name": "Jane",
    "last_name": "Smith",
    "email": "janesmith@derma.com",
    "is_staff": false,
    "is_active": false,
    "date_joined": "2025-01-18T16:34:13.059Z",
    "groups": [
      1
    ],
    "user_permissions": []
  }
},
{
  "model": "auth.user",
  "pk": 4,
  "fields": {
    "password": "pbkdf2_sha256$870000$uvB1IrrjsNJ7SGLbMTskBT$Tl0ovF0zujM1z/QstjrUVkdJ5RBAUS6whBGySTkbVwI=",
    "last_login": "2025-06-21T15:14:10.849Z",
    "is_superuser": false,
    "username": "alijoh",
    "first_name": "Alice",
    "last_name": "Johnson",
    "email": "alicejohnson@derma.com",
    "is_staff": false,
    "is_active": true,
    "date_joined": "2025-01-18T16:34:13.060Z",
    "groups": [
      1
    ],
    "user_permissions": []
  }
},
{
"model": "auth.user",
"pk": 5,
"fields": {
    "password": "pbkdf2_sha256$870000$uvB1IrrjsNJ7SGLbMTskBT$Tl0ovF0zujM1z/QstjrUVkdJ5RBAUS6whBGySTkbVwI=",
    "last_login": null,
    "is_superuser": false,
    "username": "mabrow",
    "first_name": "Matthew",
    "last_name": "Brown",
    "email": "matthewbrown@derma.com",
    "is_staff": false,
    "is_active": true,
    "date_joined": "2025-01-18T16:34:13.060Z",
    "groups": [
        1
    ],
    "user_permissions": []
    }
},
{
"model": "auth.user",
"pk": 6,
"fields": {
    "password": "pbkdf2_sha256$870000$uvB1IrrjsNJ7SGLbMTskBT$Tl0ovF0zujM1z/QstjrUVkdJ5RBAUS6whBGySTkbVwI=",
    "last_login": null,
    "is_superuser": false,
    "username": "sarwil",
    "first_name": "Sarah",
    "last_name": "Wilson",
    "email": "sarahwilson@derma.com",
    "is_staff": false,
    "is_active": true,
    "date_joined": "2025-01-18T16:34:13.060Z",
    "groups": [
        1
    ],
    "user_permissions": []
    }
},
{
"model": "auth.user",
"pk": 7,
"fields": {
    "password": "pbkdf2_sha256$870000$uvB1IrrjsNJ7SGLbMTskBT$Tl0ovF0zujM1z/QstjrUVkdJ5RBAUS6whBGySTkbVwI=",
    "last_login": null,
    "is_superuser": false,
    "username": "jamcla",
    "first_name": "James",
    "last_name": "Clark",
    "email": "jamesclark@derma.com",
    "is_staff": false,
    "is_active": true,
    "date_joined": "2025-01-18T16:34:13.060Z",
    "groups": [
        1
    ],
    "user_permissions": []
    }
},
{
"model": "auth.user",
"pk": 8,
"fields": {
    "password": "pbkdf2_sha256$870000$uvB1IrrjsNJ7SGLbMTskBT$Tl0ovF0zujM1z/QstjrUVkdJ5RBAUS6whBGySTkbVwI=",
    "last_login": null,
    "is_superuser": false,
    "username": "lismar",
    "first_name": "Lisa",
    "last_name": "Martin",
    "email": "lisamartin@derma.com",
    "is_staff": false,
    "is_active": true,
    "date_joined": "2025-01-18T16:34:13.060Z",
    "groups": [
        1
    ],
    "user_permissions": []
    }
},
{
"model": "auth.user",
"pk": 9,
"fields": {
    "password": "pbkdf2_sha256$870000$uvB1IrrjsNJ7SGLbMTskBT$Tl0ovF0zujM1z/QstjrUVkdJ5RBAUS6whBGySTkbVwI=",
    "last_login": null,
    "is_superuser": false,
    "username": "davle",
    "first_name": "David",
    "last_name": "Lee",
    "email": "davidlee@derma.com",
    "is_staff": false,
    "is_active": true,
    "date_joined": "2025-01-18T16:34:13.060Z",
    "groups": [
        1
    ],
    "user_permissions": []
    }
},
{
"model": "auth.user",
"pk": 10,
"fields": {
    "password": "pbkdf2_sha256$870000$uvB1IrrjsNJ7SGLbMTskBT$Tl0ovF0zujM1z/QstjrUVkdJ5RBAUS6whBGySTkbVwI=",
    "last_login": null,
    "is_superuser": false,
    "username": "emmtho",
    "first_name": "Emma",
    "last_name": "Thompson",
    "email": "emmathompson@derma.com",
    "is_staff": false,
    "is_active": true,
    "date_joined": "2025-01-18T16:34:13.060Z",
    "groups": [
        1
    ],
    "user_permissions": []
    }
},
{
"model": "auth.user",
"pk": 11,
"fields": {
    "password": "pbkdf2_sha256$870000$uvB1IrrjsNJ7SGLbMTskBT$Tl0ovF0zujM1z/QstjrUVkdJ5RBAUS6whBGySTkbVwI=",
    "last_login": null,
    "is_superuser": false,
    "username": "mikand",
    "first_name": "Michael",
    "last_name": "Anderson",
    "email": "michaelanderson@derma.com",
    "is_staff": false,
    "is_active": true,
    "date_joined": "2025-01-18T16:34:13.060Z",
    "groups": [
        1
    ],
    "user_permissions": []
    }
},
{
"model": "auth.user",
"pk": 12,
"fields": {
    "password": "pbkdf2_sha256$870000$uvB1IrrjsNJ7SGLbMTskBT$Tl0ovF0zujM1z/QstjrUVkdJ5RBAUS6whBGySTkbVwI=",
    "last_login": null,
    "is_superuser": false,
    "username": "rebdav",
    "first_name": "Rebecca",
    "last_name": "Davis",
    "email": "rebeccadavis@derma.com",
    "is_staff": false,
    "is_active": true,
    "date_joined": "2025-01-18T16:34:13.060Z",
    "groups": [
        1
    ],
    "user_permissions": []
    }
},
{
"model": "auth.user",
"pk": 13,
"fields": {
    "password": "pbkdf2_sha256$870000$uvB1IrrjsNJ7SGLbMTskBT$Tl0ovF0zujM1z/QstjrUVkdJ5RBAUS6whBGySTkbVwI=",
    "last_login": null,
    "is_superuser": false,
    "username": "josmoo",
    "first_name": "Joshua",
    "last_name": "Moore",
    "email": "joshuamoore@derma.com",
    "is_staff": false,
    "is_active": true,
    "date_joined": "2025-01-18T16:34:13.060Z",
    "groups": [
        1
    ],
    "user_permissions": []
    }
},
{
"model": "auth.user",
"pk": 14,
"fields": {
    "password": "pbkdf2_sha256$870000$uvB1IrrjsNJ7SGLbMTskBT$Tl0ovF0zujM1z/QstjrUVkdJ5RBAUS6whBGySTkbVwI=",
    "last_login": null,
    "is_superuser": false,
    "username": "annwal",
    "first_name": "Anna",
    "last_name": "Walker",
    "email": "annawalker@derma.com",
    "is_staff": false,
    "is_active": true,
    "date_joined": "2025-01-18T16:34:13.060Z",
    "groups": [
        1
    ],
    "user_permissions": []
    }
}
]
